"pathway"	"source"	"p-value"	"q-value"	"external_id"	"members_input_overlap"	"members_input_overlap_geneids"	"size"	"effective_size"
"Regulation of lipid metabolism by Peroxisome proliferator-activated receptor alpha (PPARalpha)"	"Reactome"	2.91E-05	0.0167739596	"R-HSA-400206"	"NCOA2; CREBBP; MED1; NCOR2; NCOR1"	"10499; 9612; 9611; 1387; 5469"	20	18
"Metabolism of RNA"	"Reactome"	0.0002482845	0.050228437	"R-HSA-8953854"	"RBM5; TSEN54; RPS7; EXOSC8; PPWD1; EXOSC7; U2AF1; TPRKB; KHSRP; PABPN1; RPS20; LSM6; LSM3; QTRT1; THOC1; SNRPF; POLR2H; ZC3H11A; METTL3; NSUN6; UPF3A; POP5"	"11157; 283989; 27258; 51002; 81890; 23398; 51367; 9984; 221078; 6636; 65110; 6201; 8570; 8106; 7307; 11340; 23016; 10181; 9877; 56339; 5437; 6224"	586	452
"Estrogen-dependent gene expression"	"Reactome"	0.0002696525	0.050228437	"R-HSA-9018519"	"NCOA2; H3F3A; MED1; GTF2A1; GTF2A2; CDK9; POLR2H; CREBBP"	"10499; 3020; 2958; 5469; 2957; 5437; 1387; 1025"	142	79
"RNA Polymerase II Transcription"	"Reactome"	0.0004291507	0.050228437	"R-HSA-73857"	"ZNF337; SESN3; ZNF692; SETD1A; MED1; GTF2A1; GTF2A2; CBX6; NCOR2; NCOR1; EHMT1; MAML2; U2AF1; SNRPF; PDPK1; H3F3A; ZNF660; DLX5; DLX6; PABPN1; RBL1; BARD1; NR2C1; SKIL; RBX1; THOC1; MDM4; POLR2H; ZC3H11A; MAX; ZNF483; ZNF710; EPC1; CDK9; CSNK2B; CREBBP"	"6636; 55657; 580; 2958; 1460; 3020; 84441; 374655; 1025; 158399; 6498; 5933; 4149; 285349; 5469; 4194; 8106; 143686; 80314; 26152; 1387; 7307; 1750; 23466; 9612; 9611; 9739; 2957; 7181; 79813; 9978; 9984; 9877; 5437; 5170; 1749"	1235	951
"Gene expression (Transcription)"	"Reactome"	0.0004622915	0.050228437	"R-HSA-74160"	"ZNF337; SESN3; ZNF692; SETD1A; MED1; GTF2A1; GTF2A2; POLR3A; CBX6; NCOR2; NCOR1; EHMT1; MAML2; U2AF1; SNRPF; PDPK1; H3F3A; ZNF660; DLX5; DLX6; PABPN1; RBL1; BARD1; NR2C1; SKIL; RBX1; THOC1; MDM4; POLR2H; ZC3H11A; MAX; ZNF483; ZNF710; EPC1; CDK9; NFIX; CSNK2B; CREBBP; GTF3C6"	"55657; 1460; 6636; 84441; 143686; 11128; 26152; 1387; 7307; 9877; 285349; 580; 9611; 2958; 4149; 1750; 4784; 4194; 80314; 6498; 374655; 9984; 9612; 8106; 158399; 23466; 9739; 79813; 5437; 1025; 7181; 9978; 3020; 5933; 5469; 2957; 112495; 5170; 1749"	1372	1065
"ESR-mediated signaling"	"Reactome"	0.0005223061	0.050228437	"R-HSA-8939211"	"NCOA2; H3F3A; MED1; GTF2A1; GTF2A2; CDK9; POLR2H; CREBBP"	"10499; 3020; 2958; 5469; 2957; 5437; 1387; 1025"	150	87
"Intra-Golgi traffic"	"Reactome"	0.0007151762	0.0589509554	"R-HSA-6811438"	"TRIP11; GOLIM4; RAB30; MAN1A2; STX16"	"8675; 27314; 10905; 27333; 9321"	45	34
