p-value	q-value	complex_name	source	members_input_overlap	members_input_overlap_geneids	size	effective_size
3.99979476631e-05	0.00403979271398	SRC-1 complex	CORUM	NCOA2; TROVE2; CREBBP	1387; 6738; 10499	4	4
0.00033345674155	0.00795157709446	SRC-3 complex	CORUM	NCOA2; TROVE2; CREBBP	1387; 6738; 10499	7	7
0.000472370916503	0.00795157709446	Heterodimer complex (CDK9, IL6ST)	CORUM	CDK9; IL6ST	1025; 3572	2	2
0.000472370916503	0.00795157709446	TFIIA	Reactome	GTF2A1; GTF2A2	2957; 2958	2	2
0.000472370916503	0.00795157709446	IFT20:TRIP11	Reactome	TRIP11; IFT20	9321; 90410	2	2
0.000472370916503	0.00795157709446	PDP2 complex	Reactome	PDPR; PDP2	55066; 57546	2	2
0.000774963336777	0.0111816138592	GST-Smad3	PINdb	NCOR1; CREBBP; NCOR2	1387; 9611; 9612	10	9